{
    "mean": [
        12.965235252707407,
        15.40303146519334,
        2.7316731216169003,
        0.22461075574473263,
        96361.35517259754,
        0.09558469535132312,
        0.7174756928655306,
        0.7119833598034511,
        0.343390247177242,
        9.507002279570434,
        10.562375886551127,
        12.496481984123864,
        9.060596664394266,
        145.639301930699,
        0.07214116345019256,
        0.12626151964302088,
        5.4775318030860625,
        1.909964756787712,
        129.2316326931793,
        129.2316326931793,
        0.03900569632059325
    ],
    "scale": [
        7.860131013326123,
        8.68809509452675,
        1.954459732913961,
        0.41732572907563786,
        574241.6070490954,
        0.2940208519236652,
        0.4502269683311491,
        3.112178228378207,
        1.7038651262671116,
        22.819070253700268,
        24.989952727604784,
        66.87401102422689,
        51.808151825396315,
        618.4492503917837,
        0.36151716261142924,
        0.3270161581983768,
        16.926505381692767,
        7.12489411350034,
        240.13932629319277,
        240.13932629319277,
        0.08718205621912534
    ],
    "numerical_features": [
        "hour",
        "day",
        "weekday",
        "is_weekend",
        "time_diff",
        "cart_abandonment",
        "high_activity_no_purchase",
        "session_addtocart",
        "session_transaction",
        "session_view",
        "session_total_events",
        "user_addtocart",
        "user_transaction",
        "user_view",
        "user_view_to_cart_rate",
        "user_cart_to_transaction_rate",
        "item_addtocart",
        "item_transaction",
        "item_view",
        "item_popularity",
        "item_view_to_cart_rate"
    ]
}